render_frame,surface_index,source_frame_id,source_time,source_iteration,source_path,source_sha256,output_path
0,0,visual_0000,0.0,0,/home/franco/stack-validation/20260622-basilisk-internal-nozzle-convergence-visual-batch/03_full_domain_l7_reference/vof_surfaces/vof_facets_0000.facets,2cb1afa4dfa406243dd750e7754af76ef7c1a25e93a1cfe48e5a85e4d9dc9cf5,/home/franco/stack-validation/20260622-basilisk-internal-nozzle-convergence-visual-batch/07_gpu_blender_portfolio_assets/frames/sequence/sequence_0000.png
1,1,visual_0001,0.005,36,/home/franco/stack-validation/20260622-basilisk-internal-nozzle-convergence-visual-batch/03_full_domain_l7_reference/vof_surfaces/vof_facets_0001.facets,273cf8de6ad8bc0d3a2c8bb641027e531eacfd667f34efd862806530bc05be47,/home/franco/stack-validation/20260622-basilisk-internal-nozzle-convergence-visual-batch/07_gpu_blender_portfolio_assets/frames/sequence/sequence_0001.png
2,2,visual_0002,0.01,62,/home/franco/stack-validation/20260622-basilisk-internal-nozzle-convergence-visual-batch/03_full_domain_l7_reference/vof_surfaces/vof_facets_0002.facets,c8df6a29df2c2a99d29dd30faf22208a626d3438f0b066237a3a75f09abaae80,/home/franco/stack-validation/20260622-basilisk-internal-nozzle-convergence-visual-batch/07_gpu_blender_portfolio_assets/frames/sequence/sequence_0002.png
3,3,visual_0003,0.015,88,/home/franco/stack-validation/20260622-basilisk-internal-nozzle-convergence-visual-batch/03_full_domain_l7_reference/vof_surfaces/vof_facets_0003.facets,7bdca2854e947ac028bc1a4b35749f67c98421f3e53a234256deed342c7fb8e1,/home/franco/stack-validation/20260622-basilisk-internal-nozzle-convergence-visual-batch/07_gpu_blender_portfolio_assets/frames/sequence/sequence_0003.png
4,4,visual_0004,0.02,114,/home/franco/stack-validation/20260622-basilisk-internal-nozzle-convergence-visual-batch/03_full_domain_l7_reference/vof_surfaces/vof_facets_0004.facets,23c8681aaafc612811d0f6854b6e9aed58d5dc0e65eea759e47dc9cb8bda2a12,/home/franco/stack-validation/20260622-basilisk-internal-nozzle-convergence-visual-batch/07_gpu_blender_portfolio_assets/frames/sequence/sequence_0004.png
5,5,visual_0005,0.025,140,/home/franco/stack-validation/20260622-basilisk-internal-nozzle-convergence-visual-batch/03_full_domain_l7_reference/vof_surfaces/vof_facets_0005.facets,06718bb1b2a5ce3a24470340b4ae8b503595fe1284a3ebb41418eda398ab5f32,/home/franco/stack-validation/20260622-basilisk-internal-nozzle-convergence-visual-batch/07_gpu_blender_portfolio_assets/frames/sequence/sequence_0005.png
6,6,visual_0006,0.03,166,/home/franco/stack-validation/20260622-basilisk-internal-nozzle-convergence-visual-batch/03_full_domain_l7_reference/vof_surfaces/vof_facets_0006.facets,9d499594d171b6decf76ca2993cf1378a1eb2bb7cffab73324882a43b8c0ec94,/home/franco/stack-validation/20260622-basilisk-internal-nozzle-convergence-visual-batch/07_gpu_blender_portfolio_assets/frames/sequence/sequence_0006.png
7,7,visual_0007,0.035,192,/home/franco/stack-validation/20260622-basilisk-internal-nozzle-convergence-visual-batch/03_full_domain_l7_reference/vof_surfaces/vof_facets_0007.facets,d15068f4b7f85df8f2fccb2d5cc5d8c6b86f4f5352dfe4636dc3a8ea03115164,/home/franco/stack-validation/20260622-basilisk-internal-nozzle-convergence-visual-batch/07_gpu_blender_portfolio_assets/frames/sequence/sequence_0007.png
8,8,visual_0008,0.04,218,/home/franco/stack-validation/20260622-basilisk-internal-nozzle-convergence-visual-batch/03_full_domain_l7_reference/vof_surfaces/vof_facets_0008.facets,8ab4a748d29e6a3bcc4d39b972d11cd31c61e285902a2f87418cc57da276ce59,/home/franco/stack-validation/20260622-basilisk-internal-nozzle-convergence-visual-batch/07_gpu_blender_portfolio_assets/frames/sequence/sequence_0008.png
9,9,visual_0009,0.045,244,/home/franco/stack-validation/20260622-basilisk-internal-nozzle-convergence-visual-batch/03_full_domain_l7_reference/vof_surfaces/vof_facets_0009.facets,55971cb3c18023ddef591081f1278e704432aee3badeb4a55f1985893712b46c,/home/franco/stack-validation/20260622-basilisk-internal-nozzle-convergence-visual-batch/07_gpu_blender_portfolio_assets/frames/sequence/sequence_0009.png
10,10,visual_0010,0.0499999999999,269,/home/franco/stack-validation/20260622-basilisk-internal-nozzle-convergence-visual-batch/03_full_domain_l7_reference/vof_surfaces/vof_facets_0010.facets,425a122c5040014604109356a11d241619b3c0f898f52e8b2798d7ec70bb1ee6,/home/franco/stack-validation/20260622-basilisk-internal-nozzle-convergence-visual-batch/07_gpu_blender_portfolio_assets/frames/sequence/sequence_0010.png
11,11,visual_0011,0.0549999999998,294,/home/franco/stack-validation/20260622-basilisk-internal-nozzle-convergence-visual-batch/03_full_domain_l7_reference/vof_surfaces/vof_facets_0011.facets,5e0b904c26718c183d05b1f03b9ea28f8f16545db9fe85371358aea72cc15fad,/home/franco/stack-validation/20260622-basilisk-internal-nozzle-convergence-visual-batch/07_gpu_blender_portfolio_assets/frames/sequence/sequence_0011.png
12,12,visual_0012,0.0599999999998,319,/home/franco/stack-validation/20260622-basilisk-internal-nozzle-convergence-visual-batch/03_full_domain_l7_reference/vof_surfaces/vof_facets_0012.facets,67070cc31cb48553dd50fac1b765a4d7022ab2e19ce6d2eb248951488be56303,/home/franco/stack-validation/20260622-basilisk-internal-nozzle-convergence-visual-batch/07_gpu_blender_portfolio_assets/frames/sequence/sequence_0012.png
13,13,visual_0013,0.065,355,/home/franco/stack-validation/20260622-basilisk-internal-nozzle-convergence-visual-batch/03_full_domain_l7_reference/vof_surfaces/vof_facets_0013.facets,20a9e5bcdbb8211b83bd52805357b896a58ef1720663fdada22b28b1a91b0021,/home/franco/stack-validation/20260622-basilisk-internal-nozzle-convergence-visual-batch/07_gpu_blender_portfolio_assets/frames/sequence/sequence_0013.png
14,14,visual_0014,0.07,381,/home/franco/stack-validation/20260622-basilisk-internal-nozzle-convergence-visual-batch/03_full_domain_l7_reference/vof_surfaces/vof_facets_0014.facets,a71b3f7fd1890ef0f86796416c11b63f3bab9e2d29754103f66075ed11245a09,/home/franco/stack-validation/20260622-basilisk-internal-nozzle-convergence-visual-batch/07_gpu_blender_portfolio_assets/frames/sequence/sequence_0014.png
15,15,visual_0015,0.075,407,/home/franco/stack-validation/20260622-basilisk-internal-nozzle-convergence-visual-batch/03_full_domain_l7_reference/vof_surfaces/vof_facets_0015.facets,b31a9133b2dc7f5fa840e25d8ce7c59d73527c353e757d2d7dcb94e5b4175753,/home/franco/stack-validation/20260622-basilisk-internal-nozzle-convergence-visual-batch/07_gpu_blender_portfolio_assets/frames/sequence/sequence_0015.png
16,16,visual_0016,0.08,433,/home/franco/stack-validation/20260622-basilisk-internal-nozzle-convergence-visual-batch/03_full_domain_l7_reference/vof_surfaces/vof_facets_0016.facets,5e7604e7f441ca0ecb10afff03aa7317303f15b472495438789245519c00b59c,/home/franco/stack-validation/20260622-basilisk-internal-nozzle-convergence-visual-batch/07_gpu_blender_portfolio_assets/frames/sequence/sequence_0016.png
17,17,visual_0017,0.085,459,/home/franco/stack-validation/20260622-basilisk-internal-nozzle-convergence-visual-batch/03_full_domain_l7_reference/vof_surfaces/vof_facets_0017.facets,adc62dc34b617e1819d8c38ac5d767f8825753ce225f8ea7edbec4153f342b87,/home/franco/stack-validation/20260622-basilisk-internal-nozzle-convergence-visual-batch/07_gpu_blender_portfolio_assets/frames/sequence/sequence_0017.png
18,18,visual_0018,0.09,485,/home/franco/stack-validation/20260622-basilisk-internal-nozzle-convergence-visual-batch/03_full_domain_l7_reference/vof_surfaces/vof_facets_0018.facets,55c6ff767e12523f565a53f1f5730cd44f4bdc387b298f8a718d18436d5bd7c5,/home/franco/stack-validation/20260622-basilisk-internal-nozzle-convergence-visual-batch/07_gpu_blender_portfolio_assets/frames/sequence/sequence_0018.png
19,19,visual_0019,0.095,511,/home/franco/stack-validation/20260622-basilisk-internal-nozzle-convergence-visual-batch/03_full_domain_l7_reference/vof_surfaces/vof_facets_0019.facets,b2f6933236ff1f126100cb75a45c8124bb2b85883e5a6fd3e972a99b56bdcdac,/home/franco/stack-validation/20260622-basilisk-internal-nozzle-convergence-visual-batch/07_gpu_blender_portfolio_assets/frames/sequence/sequence_0019.png
20,20,visual_0020,0.1,537,/home/franco/stack-validation/20260622-basilisk-internal-nozzle-convergence-visual-batch/03_full_domain_l7_reference/vof_surfaces/vof_facets_0020.facets,5ce6ecf9eb594b2771e8328ad03682e12c9fe88cad5c605803b9fa8ff7d2895c,/home/franco/stack-validation/20260622-basilisk-internal-nozzle-convergence-visual-batch/07_gpu_blender_portfolio_assets/frames/sequence/sequence_0020.png
21,21,visual_0021,0.105,563,/home/franco/stack-validation/20260622-basilisk-internal-nozzle-convergence-visual-batch/03_full_domain_l7_reference/vof_surfaces/vof_facets_0021.facets,4ba00b157143616ead104e6ae3c3ffb50ac2b0c585c613aa8a128f2596d6f85f,/home/franco/stack-validation/20260622-basilisk-internal-nozzle-convergence-visual-batch/07_gpu_blender_portfolio_assets/frames/sequence/sequence_0021.png
22,22,visual_0022,0.11,588,/home/franco/stack-validation/20260622-basilisk-internal-nozzle-convergence-visual-batch/03_full_domain_l7_reference/vof_surfaces/vof_facets_0022.facets,1d11869ddf290c8e3d54c16838d8191410ca0557b6f1ed232b3668b27ce665a9,/home/franco/stack-validation/20260622-basilisk-internal-nozzle-convergence-visual-batch/07_gpu_blender_portfolio_assets/frames/sequence/sequence_0022.png
23,23,visual_0023,0.115,613,/home/franco/stack-validation/20260622-basilisk-internal-nozzle-convergence-visual-batch/03_full_domain_l7_reference/vof_surfaces/vof_facets_0023.facets,cd18ce9b2aca63dce6ce0294a2c38a066d7cc73c62092b6fb8e5d73260e462d7,/home/franco/stack-validation/20260622-basilisk-internal-nozzle-convergence-visual-batch/07_gpu_blender_portfolio_assets/frames/sequence/sequence_0023.png
24,24,visual_0024,0.12,638,/home/franco/stack-validation/20260622-basilisk-internal-nozzle-convergence-visual-batch/03_full_domain_l7_reference/vof_surfaces/vof_facets_0024.facets,ac325a37a92a830a81fd05935edb112a9228c6463f1e6d5e76c0720a7fab2b68,/home/franco/stack-validation/20260622-basilisk-internal-nozzle-convergence-visual-batch/07_gpu_blender_portfolio_assets/frames/sequence/sequence_0024.png
25,25,visual_0025,0.125,674,/home/franco/stack-validation/20260622-basilisk-internal-nozzle-convergence-visual-batch/03_full_domain_l7_reference/vof_surfaces/vof_facets_0025.facets,b3e3be0592af0c405c551fcc322cc2c8f0eeab7ca9f0b55b21beb346f49ef1f8,/home/franco/stack-validation/20260622-basilisk-internal-nozzle-convergence-visual-batch/07_gpu_blender_portfolio_assets/frames/sequence/sequence_0025.png
26,26,visual_0026,0.13,700,/home/franco/stack-validation/20260622-basilisk-internal-nozzle-convergence-visual-batch/03_full_domain_l7_reference/vof_surfaces/vof_facets_0026.facets,c597011a80ac22c9155b1b840288718623b0685accbf5e0833acefadfd18a76c,/home/franco/stack-validation/20260622-basilisk-internal-nozzle-convergence-visual-batch/07_gpu_blender_portfolio_assets/frames/sequence/sequence_0026.png
27,27,visual_0027,0.135,726,/home/franco/stack-validation/20260622-basilisk-internal-nozzle-convergence-visual-batch/03_full_domain_l7_reference/vof_surfaces/vof_facets_0027.facets,ebd0dfba8437c90bd82449a15f194893e0316f0b1f3927638e193d2476662cc7,/home/franco/stack-validation/20260622-basilisk-internal-nozzle-convergence-visual-batch/07_gpu_blender_portfolio_assets/frames/sequence/sequence_0027.png
28,28,visual_0028,0.14,752,/home/franco/stack-validation/20260622-basilisk-internal-nozzle-convergence-visual-batch/03_full_domain_l7_reference/vof_surfaces/vof_facets_0028.facets,9454785173b244f652d19e3f603ae95bab0524f309a1c73dd2d33dc93ea8bd53,/home/franco/stack-validation/20260622-basilisk-internal-nozzle-convergence-visual-batch/07_gpu_blender_portfolio_assets/frames/sequence/sequence_0028.png
29,29,visual_0029,0.145,778,/home/franco/stack-validation/20260622-basilisk-internal-nozzle-convergence-visual-batch/03_full_domain_l7_reference/vof_surfaces/vof_facets_0029.facets,cea0187d7a41b3e10663b7b0707574132df6571cc3793acd76f0adae5dc6d8f8,/home/franco/stack-validation/20260622-basilisk-internal-nozzle-convergence-visual-batch/07_gpu_blender_portfolio_assets/frames/sequence/sequence_0029.png
30,30,visual_0030,0.15,804,/home/franco/stack-validation/20260622-basilisk-internal-nozzle-convergence-visual-batch/03_full_domain_l7_reference/vof_surfaces/vof_facets_0030.facets,04484a217c31681fe9f0ea4bcaa084a833fe20965d7f7056d48a49a33b4da97b,/home/franco/stack-validation/20260622-basilisk-internal-nozzle-convergence-visual-batch/07_gpu_blender_portfolio_assets/frames/sequence/sequence_0030.png
31,31,visual_0031,0.155,830,/home/franco/stack-validation/20260622-basilisk-internal-nozzle-convergence-visual-batch/03_full_domain_l7_reference/vof_surfaces/vof_facets_0031.facets,d2617e76b6a70bd583e92d02cd46de2921f1c7541c6e6cff044a90c0d5b17b2e,/home/franco/stack-validation/20260622-basilisk-internal-nozzle-convergence-visual-batch/07_gpu_blender_portfolio_assets/frames/sequence/sequence_0031.png
32,32,visual_0032,0.16,856,/home/franco/stack-validation/20260622-basilisk-internal-nozzle-convergence-visual-batch/03_full_domain_l7_reference/vof_surfaces/vof_facets_0032.facets,0dc0bfae4ebd01639c84aa2b82bba46ebd90caeca3d4289ab6092c6b12a8ac15,/home/franco/stack-validation/20260622-basilisk-internal-nozzle-convergence-visual-batch/07_gpu_blender_portfolio_assets/frames/sequence/sequence_0032.png
33,33,visual_0033,0.165,882,/home/franco/stack-validation/20260622-basilisk-internal-nozzle-convergence-visual-batch/03_full_domain_l7_reference/vof_surfaces/vof_facets_0033.facets,3f9d9ad0c785ca159bc13f8496c4c4c0db78ca9c3fe4741d2de021c370dca4da,/home/franco/stack-validation/20260622-basilisk-internal-nozzle-convergence-visual-batch/07_gpu_blender_portfolio_assets/frames/sequence/sequence_0033.png
34,34,visual_0034,0.17,907,/home/franco/stack-validation/20260622-basilisk-internal-nozzle-convergence-visual-batch/03_full_domain_l7_reference/vof_surfaces/vof_facets_0034.facets,cc388332f27a61e4ec5078096a25c85504e32918542b7cdf7f3bfb7bf826f71c,/home/franco/stack-validation/20260622-basilisk-internal-nozzle-convergence-visual-batch/07_gpu_blender_portfolio_assets/frames/sequence/sequence_0034.png
35,35,visual_0035,0.175,932,/home/franco/stack-validation/20260622-basilisk-internal-nozzle-convergence-visual-batch/03_full_domain_l7_reference/vof_surfaces/vof_facets_0035.facets,a00a0ba1acff3993cb0b146b058caa839d212dae3ad3249e026feb7aaef48208,/home/franco/stack-validation/20260622-basilisk-internal-nozzle-convergence-visual-batch/07_gpu_blender_portfolio_assets/frames/sequence/sequence_0035.png
36,36,visual_0036,0.18,957,/home/franco/stack-validation/20260622-basilisk-internal-nozzle-convergence-visual-batch/03_full_domain_l7_reference/vof_surfaces/vof_facets_0036.facets,d78fe88340163c92b4d4b1692701430aaa71f179de8c7cf117faa1f4466aaa20,/home/franco/stack-validation/20260622-basilisk-internal-nozzle-convergence-visual-batch/07_gpu_blender_portfolio_assets/frames/sequence/sequence_0036.png
37,37,visual_0037,0.185,993,/home/franco/stack-validation/20260622-basilisk-internal-nozzle-convergence-visual-batch/03_full_domain_l7_reference/vof_surfaces/vof_facets_0037.facets,95437d8a7857720fc7a6b3eb060caf4ea870b52a786d3a07959d53d359603f81,/home/franco/stack-validation/20260622-basilisk-internal-nozzle-convergence-visual-batch/07_gpu_blender_portfolio_assets/frames/sequence/sequence_0037.png
38,38,visual_0038,0.19,1019,/home/franco/stack-validation/20260622-basilisk-internal-nozzle-convergence-visual-batch/03_full_domain_l7_reference/vof_surfaces/vof_facets_0038.facets,121b06a087560eca0830093ac07bfd01a6bc897cb8fefeada6cc5ab41218528b,/home/franco/stack-validation/20260622-basilisk-internal-nozzle-convergence-visual-batch/07_gpu_blender_portfolio_assets/frames/sequence/sequence_0038.png
39,39,visual_0039,0.195,1045,/home/franco/stack-validation/20260622-basilisk-internal-nozzle-convergence-visual-batch/03_full_domain_l7_reference/vof_surfaces/vof_facets_0039.facets,2d2ab7e2e101eec37962f0e4984314a7cb812cf830d8c7bd756b4f9658200deb,/home/franco/stack-validation/20260622-basilisk-internal-nozzle-convergence-visual-batch/07_gpu_blender_portfolio_assets/frames/sequence/sequence_0039.png
40,40,visual_0040,0.2,1071,/home/franco/stack-validation/20260622-basilisk-internal-nozzle-convergence-visual-batch/03_full_domain_l7_reference/vof_surfaces/vof_facets_0040.facets,39b2336ca9cdcfab809d00a39145232256227d9bb2d39c971acc133e0181e95d,/home/franco/stack-validation/20260622-basilisk-internal-nozzle-convergence-visual-batch/07_gpu_blender_portfolio_assets/frames/sequence/sequence_0040.png
41,41,visual_0041,0.205,1097,/home/franco/stack-validation/20260622-basilisk-internal-nozzle-convergence-visual-batch/03_full_domain_l7_reference/vof_surfaces/vof_facets_0041.facets,c462394a60d8989443434bf03f2aa4c60f9e936bef4d747b4046e17697b01453,/home/franco/stack-validation/20260622-basilisk-internal-nozzle-convergence-visual-batch/07_gpu_blender_portfolio_assets/frames/sequence/sequence_0041.png
42,42,visual_0042,0.21,1123,/home/franco/stack-validation/20260622-basilisk-internal-nozzle-convergence-visual-batch/03_full_domain_l7_reference/vof_surfaces/vof_facets_0042.facets,3357373bd41509b3f97b84602f9d1caf8b874f292f324b54134fdd648af98d62,/home/franco/stack-validation/20260622-basilisk-internal-nozzle-convergence-visual-batch/07_gpu_blender_portfolio_assets/frames/sequence/sequence_0042.png
43,43,visual_0043,0.215,1149,/home/franco/stack-validation/20260622-basilisk-internal-nozzle-convergence-visual-batch/03_full_domain_l7_reference/vof_surfaces/vof_facets_0043.facets,d5a481f43475b2a2b375da27e90b11889432c34421e45b972a578c021396453b,/home/franco/stack-validation/20260622-basilisk-internal-nozzle-convergence-visual-batch/07_gpu_blender_portfolio_assets/frames/sequence/sequence_0043.png
44,44,visual_0044,0.22,1175,/home/franco/stack-validation/20260622-basilisk-internal-nozzle-convergence-visual-batch/03_full_domain_l7_reference/vof_surfaces/vof_facets_0044.facets,95a9edf99cbd2bcd9aedd46698d8c9ccef41ff49dc1cc2fc89080884a8412b38,/home/franco/stack-validation/20260622-basilisk-internal-nozzle-convergence-visual-batch/07_gpu_blender_portfolio_assets/frames/sequence/sequence_0044.png
45,45,visual_0045,0.225,1201,/home/franco/stack-validation/20260622-basilisk-internal-nozzle-convergence-visual-batch/03_full_domain_l7_reference/vof_surfaces/vof_facets_0045.facets,0128d7cb6dd588f52930ac58e12409a2cdf399e4f2efaf5b8bee8bafeaef3090,/home/franco/stack-validation/20260622-basilisk-internal-nozzle-convergence-visual-batch/07_gpu_blender_portfolio_assets/frames/sequence/sequence_0045.png
46,46,visual_0046,0.23,1226,/home/franco/stack-validation/20260622-basilisk-internal-nozzle-convergence-visual-batch/03_full_domain_l7_reference/vof_surfaces/vof_facets_0046.facets,6d849c030b07a7bbccb70dc60ce2cb9a9f07ce550c7b27f99acf097d3c2cc6db,/home/franco/stack-validation/20260622-basilisk-internal-nozzle-convergence-visual-batch/07_gpu_blender_portfolio_assets/frames/sequence/sequence_0046.png
47,47,visual_0047,0.235,1251,/home/franco/stack-validation/20260622-basilisk-internal-nozzle-convergence-visual-batch/03_full_domain_l7_reference/vof_surfaces/vof_facets_0047.facets,24a27ce6217d68f7bfcd04c362522fb80033d07cc597664da45a4ba685d5450c,/home/franco/stack-validation/20260622-basilisk-internal-nozzle-convergence-visual-batch/07_gpu_blender_portfolio_assets/frames/sequence/sequence_0047.png
48,48,visual_0048,0.24,1276,/home/franco/stack-validation/20260622-basilisk-internal-nozzle-convergence-visual-batch/03_full_domain_l7_reference/vof_surfaces/vof_facets_0048.facets,08172696afe0e47935b6083859d680e411c8fd50391e543718ddfda69e8eaa92,/home/franco/stack-validation/20260622-basilisk-internal-nozzle-convergence-visual-batch/07_gpu_blender_portfolio_assets/frames/sequence/sequence_0048.png
49,49,visual_0049,0.245,1312,/home/franco/stack-validation/20260622-basilisk-internal-nozzle-convergence-visual-batch/03_full_domain_l7_reference/vof_surfaces/vof_facets_0049.facets,02bf1b2dc59154e197439a1ca1f045eeb6763c1bcd90df8137e533e585c4e593,/home/franco/stack-validation/20260622-basilisk-internal-nozzle-convergence-visual-batch/07_gpu_blender_portfolio_assets/frames/sequence/sequence_0049.png
50,50,visual_0050,0.25,1338,/home/franco/stack-validation/20260622-basilisk-internal-nozzle-convergence-visual-batch/03_full_domain_l7_reference/vof_surfaces/vof_facets_0050.facets,14e77a2abebcde6c872ceb49753ca09cdf2337d41100148e64887ede5e041413,/home/franco/stack-validation/20260622-basilisk-internal-nozzle-convergence-visual-batch/07_gpu_blender_portfolio_assets/frames/sequence/sequence_0050.png
51,51,visual_0051,0.255,1364,/home/franco/stack-validation/20260622-basilisk-internal-nozzle-convergence-visual-batch/03_full_domain_l7_reference/vof_surfaces/vof_facets_0051.facets,30da7ff0fc9e5b23ceb7fce8199764f0bce30ed84673d30ab7025c0f70e66d18,/home/franco/stack-validation/20260622-basilisk-internal-nozzle-convergence-visual-batch/07_gpu_blender_portfolio_assets/frames/sequence/sequence_0051.png
52,52,visual_0052,0.26,1390,/home/franco/stack-validation/20260622-basilisk-internal-nozzle-convergence-visual-batch/03_full_domain_l7_reference/vof_surfaces/vof_facets_0052.facets,d30102664daba34ed7e593f9d5b4d16b4e367d531579ee970372818c340f81ae,/home/franco/stack-validation/20260622-basilisk-internal-nozzle-convergence-visual-batch/07_gpu_blender_portfolio_assets/frames/sequence/sequence_0052.png
53,53,visual_0053,0.265,1416,/home/franco/stack-validation/20260622-basilisk-internal-nozzle-convergence-visual-batch/03_full_domain_l7_reference/vof_surfaces/vof_facets_0053.facets,601563be117ed9cf17c2a0b8c4edeb232ccae1574862a699838b0c0488de78ab,/home/franco/stack-validation/20260622-basilisk-internal-nozzle-convergence-visual-batch/07_gpu_blender_portfolio_assets/frames/sequence/sequence_0053.png
54,54,visual_0054,0.27,1442,/home/franco/stack-validation/20260622-basilisk-internal-nozzle-convergence-visual-batch/03_full_domain_l7_reference/vof_surfaces/vof_facets_0054.facets,776de57aee16049af679ab22198f4c1fad00050548f3a370496ba34e62754f17,/home/franco/stack-validation/20260622-basilisk-internal-nozzle-convergence-visual-batch/07_gpu_blender_portfolio_assets/frames/sequence/sequence_0054.png
55,55,visual_0055,0.275,1468,/home/franco/stack-validation/20260622-basilisk-internal-nozzle-convergence-visual-batch/03_full_domain_l7_reference/vof_surfaces/vof_facets_0055.facets,ad06b644874827cb36fb0261bbc786ee0e19762616e8d29e1c5eb9953af786ab,/home/franco/stack-validation/20260622-basilisk-internal-nozzle-convergence-visual-batch/07_gpu_blender_portfolio_assets/frames/sequence/sequence_0055.png
56,56,visual_0056,0.28,1494,/home/franco/stack-validation/20260622-basilisk-internal-nozzle-convergence-visual-batch/03_full_domain_l7_reference/vof_surfaces/vof_facets_0056.facets,a77078576d8d2bd9c74abb0da969d96b54294f42c79a4d094f4ad43cd8564011,/home/franco/stack-validation/20260622-basilisk-internal-nozzle-convergence-visual-batch/07_gpu_blender_portfolio_assets/frames/sequence/sequence_0056.png
57,57,visual_0057,0.285,1520,/home/franco/stack-validation/20260622-basilisk-internal-nozzle-convergence-visual-batch/03_full_domain_l7_reference/vof_surfaces/vof_facets_0057.facets,0220140f2d5a1a80a5fd5761c7f748284e754a14bbd1bc438838139f1ede4c0d,/home/franco/stack-validation/20260622-basilisk-internal-nozzle-convergence-visual-batch/07_gpu_blender_portfolio_assets/frames/sequence/sequence_0057.png
58,58,visual_0058,0.29,1545,/home/franco/stack-validation/20260622-basilisk-internal-nozzle-convergence-visual-batch/03_full_domain_l7_reference/vof_surfaces/vof_facets_0058.facets,02aba171c4a5c84288d863117a72b2b5efc9a1c6dbe9bc48b5c46dd44796fc73,/home/franco/stack-validation/20260622-basilisk-internal-nozzle-convergence-visual-batch/07_gpu_blender_portfolio_assets/frames/sequence/sequence_0058.png
59,59,visual_0059,0.295,1570,/home/franco/stack-validation/20260622-basilisk-internal-nozzle-convergence-visual-batch/03_full_domain_l7_reference/vof_surfaces/vof_facets_0059.facets,f943754cfa4201d14daec784aeead898660708c49976730576c921254523e4a4,/home/franco/stack-validation/20260622-basilisk-internal-nozzle-convergence-visual-batch/07_gpu_blender_portfolio_assets/frames/sequence/sequence_0059.png
60,60,visual_0060,0.3,1595,/home/franco/stack-validation/20260622-basilisk-internal-nozzle-convergence-visual-batch/03_full_domain_l7_reference/vof_surfaces/vof_facets_0060.facets,12ad277b49d1cc91d1ea07c1bd457025cef03a522cc617da357443e8b6817ff4,/home/franco/stack-validation/20260622-basilisk-internal-nozzle-convergence-visual-batch/07_gpu_blender_portfolio_assets/frames/sequence/sequence_0060.png
