render_frame,fluid_occupancy,fluid_pixel_count,bbox_norm,projected_bounds,bbox_intersects_central_80_percent,occupancy_between_5_and_70_percent,visibility_frame_passed,raycast_hit_object,wall_or_floor_first_hit,wall_or_floor_first_hit_count,fluid_first_hit_count,low_visibility_below_10_percent
0,0.09706597222222223,5591,"[0.2, 0.62813, 0.07778, 0.75556]","[0.0485, 0.7169, -0.295, 0.8179]",True,True,True,vof_surface_final_complex_static,False,0,40,True
1,0.09847222222222222,5672,"[0.20625, 0.62813, 0.08333, 0.75556]","[0.0478, 0.7162, -0.3025, 0.8206]",True,True,True,vof_surface_final_complex_static,False,0,43,True
2,0.10092013888888889,5813,"[0.2125, 0.62813, 0.07222, 0.76111]","[0.0473, 0.7154, -0.3098, 0.8234]",True,True,True,,False,0,36,False
3,0.10170138888888888,5858,"[0.21563, 0.625, 0.07222, 0.75556]","[0.047, 0.7146, -0.317, 0.8261]",True,True,True,,False,0,33,False
4,0.10321180555555555,5945,"[0.22187, 0.625, 0.06667, 0.76111]","[0.047, 0.7137, -0.324, 0.8289]",True,True,True,vof_surface_final_complex_static,False,0,34,False
5,0.10385416666666666,5982,"[0.22812, 0.625, 0.06111, 0.76111]","[0.0471, 0.7127, -0.3309, 0.8317]",True,True,True,vof_surface_final_complex_static,False,0,38,False
6,0.10449652777777778,6019,"[0.23125, 0.625, 0.06111, 0.76111]","[0.0475, 0.7116, -0.3375, 0.8346]",True,True,True,vof_surface_final_complex_static,False,0,35,False
7,0.10548611111111111,6076,"[0.23125, 0.625, 0.05556, 0.76111]","[0.0481, 0.7104, -0.3439, 0.8374]",True,True,True,vof_surface_final_complex_static,False,0,35,False
8,0.10510416666666667,6054,"[0.23125, 0.625, 0.05, 0.76111]","[0.049, 0.7092, -0.35, 0.8403]",True,True,True,vof_surface_final_complex_static,False,0,40,False
9,0.10578125,6093,"[0.23125, 0.62187, 0.05, 0.76111]","[0.0502, 0.7079, -0.3558, 0.8431]",True,True,True,vof_surface_final_complex_static,False,0,37,False
10,0.10616319444444444,6115,"[0.23125, 0.625, 0.04444, 0.76111]","[0.0517, 0.7065, -0.3614, 0.846]",True,True,True,vof_surface_final_complex_static,False,0,41,False
11,0.10717013888888889,6173,"[0.23125, 0.63125, 0.03889, 0.76111]","[0.0535, 0.705, -0.3666, 0.8489]",True,True,True,vof_surface_final_complex_static,False,0,34,False
12,0.10951388888888888,6308,"[0.23125, 0.63438, 0.03889, 0.76111]","[0.0556, 0.7034, -0.3716, 0.8517]",True,True,True,vof_surface_final_complex_static,False,0,35,False
13,0.10814236111111111,6229,"[0.23125, 0.64062, 0.03333, 0.76111]","[0.0581, 0.7017, -0.3762, 0.8545]",True,True,True,vof_surface_final_complex_static,False,0,38,False
14,0.11001736111111111,6337,"[0.23125, 0.64687, 0.02778, 0.76111]","[0.0609, 0.6999, -0.3804, 0.8573]",True,True,True,vof_surface_final_complex_static,False,0,44,False
15,0.1096701388888889,6317,"[0.23438, 0.65312, 0.01667, 0.75556]","[0.0641, 0.698, -0.3842, 0.8601]",True,True,True,vof_surface_final_complex_static,False,0,39,False
16,0.11065972222222223,6374,"[0.23438, 0.65938, 0.01111, 0.76111]","[0.0677, 0.696, -0.3877, 0.8629]",True,True,True,vof_surface_final_complex_static,False,0,42,False
17,0.1115451388888889,6425,"[0.23438, 0.66563, 0.0, 0.75556]","[0.0717, 0.6939, -0.3908, 0.8656]",True,True,True,vof_surface_final_complex_static,False,0,38,False
18,0.11190972222222222,6446,"[0.2375, 0.67188, 0.0, 0.76111]","[0.0761, 0.6917, -0.3934, 0.8682]",True,True,True,vof_surface_final_complex_static,False,0,39,False
19,0.11213541666666667,6459,"[0.2375, 0.67812, 0.0, 0.76111]","[0.081, 0.6911, -0.3956, 0.8709]",True,True,True,vof_surface_final_complex_static,False,0,37,False
20,0.11333333333333333,6528,"[0.24063, 0.68125, 0.0, 0.76111]","[0.0863, 0.7075, -0.3973, 0.8734]",True,True,True,vof_surface_final_complex_static,False,0,40,False
21,0.11369791666666666,6549,"[0.24063, 0.6875, 0.0, 0.75556]","[0.0921, 0.724, -0.3986, 0.8759]",True,True,True,vof_surface_final_complex_static,False,0,40,False
22,0.11657986111111111,6715,"[0.24375, 0.69375, 0.0, 0.75556]","[0.0984, 0.7405, -0.3994, 0.8784]",True,True,True,vof_surface_final_complex_static,False,0,38,False
23,0.11725694444444444,6754,"[0.24688, 0.7, 0.0, 0.75556]","[0.1052, 0.7569, -0.3997, 0.8808]",True,True,True,vof_surface_final_complex_static,False,0,43,False
24,0.11878472222222222,6842,"[0.25, 0.70625, 0.0, 0.75556]","[0.1126, 0.7733, -0.3996, 0.8831]",True,True,True,vof_surface_final_complex_static,False,0,38,False
25,0.11791666666666667,6792,"[0.25, 0.70937, 0.0, 0.75556]","[0.1204, 0.7895, -0.3989, 0.8853]",True,True,True,vof_surface_final_complex_static,False,0,38,False
26,0.11807291666666667,6801,"[0.25312, 0.71562, 0.0, 0.75556]","[0.1289, 0.8057, -0.3977, 0.8874]",True,True,True,vof_surface_final_complex_static,False,0,35,False
27,0.12095486111111112,6967,"[0.25625, 0.71875, 0.0, 0.75556]","[0.138, 0.8217, -0.396, 0.8895]",True,True,True,vof_surface_final_complex_static,False,0,42,False
28,0.12032986111111112,6931,"[0.25938, 0.725, 0.0, 0.75556]","[0.1476, 0.8376, -0.3937, 0.8915]",True,True,True,vof_surface_final_complex_static,False,0,42,False
29,0.12296875,7083,"[0.2625, 0.73125, 0.0, 0.75]","[0.1579, 0.8532, -0.3969, 0.8941]",True,True,True,vof_surface_final_complex_static,False,0,40,False
30,0.12378472222222223,7130,"[0.26562, 0.73438, 0.0, 0.75]","[0.1687, 0.8687, -0.4111, 0.8981]",True,True,True,vof_surface_final_complex_static,False,0,36,False
31,0.124375,7164,"[0.26875, 0.74062, 0.0, 0.75]","[0.1803, 0.8839, -0.425, 0.902]",True,True,True,vof_surface_final_complex_static,False,0,38,False
32,0.12697916666666667,7314,"[0.275, 0.74375, 0.0, 0.75]","[0.1925, 0.8988, -0.4388, 0.9059]",True,True,True,vof_surface_final_complex_static,False,0,37,False
33,0.12616319444444443,7267,"[0.27813, 0.74687, 0.0, 0.75]","[0.2053, 0.9135, -0.4523, 0.9097]",True,True,True,vof_surface_final_complex_static,False,0,37,False
34,0.1275,7344,"[0.28437, 0.75313, 0.0, 0.75]","[0.2188, 0.9278, -0.4656, 0.9134]",True,True,True,vof_surface_final_complex_static,False,0,37,False
35,0.12925347222222222,7445,"[0.2875, 0.75938, 0.0, 0.75]","[0.2331, 0.9418, -0.4785, 0.9171]",True,True,True,vof_surface_final_complex_static,False,0,41,False
36,0.13149305555555554,7574,"[0.29063, 0.76562, 0.0, 0.75556]","[0.248, 0.9554, -0.4912, 0.9207]",True,True,True,vof_surface_final_complex_static,False,0,39,False
37,0.13328125,7677,"[0.29063, 0.76875, 0.0, 0.75556]","[0.2636, 0.9685, -0.5035, 0.9242]",True,True,True,vof_surface_final_complex_static,False,0,40,False
38,0.13451388888888888,7748,"[0.29375, 0.775, 0.0, 0.75556]","[0.2799, 0.9813, -0.5153, 0.9276]",True,True,True,vof_surface_final_complex_static,False,0,37,False
39,0.13642361111111112,7858,"[0.29375, 0.77812, 0.0, 0.76111]","[0.2828, 0.9935, -0.5268, 0.9309]",True,True,True,vof_surface_final_complex_static,False,0,39,False
40,0.13774305555555555,7934,"[0.29688, 0.78438, 0.0, 0.76111]","[0.2771, 1.0053, -0.5377, 0.9341]",True,True,True,vof_surface_final_complex_static,False,0,37,False
41,0.13927083333333334,8022,"[0.3, 0.7875, 0.0, 0.76111]","[0.2713, 1.0166, -0.5482, 0.9372]",True,True,True,,False,0,38,False
42,0.14137152777777778,8143,"[0.30312, 0.79063, 0.0, 0.76667]","[0.2655, 1.0273, -0.5581, 0.9401]",True,True,True,vof_surface_final_complex_static,False,0,38,False
43,0.1448611111111111,8344,"[0.30625, 0.79688, 0.0, 0.76667]","[0.2597, 1.0375, -0.5674, 0.9429]",True,True,True,vof_surface_final_complex_static,False,0,38,False
44,0.14817708333333332,8535,"[0.30938, 0.8, 0.0, 0.76667]","[0.2539, 1.0471, -0.576, 0.9455]",True,True,True,vof_surface_final_complex_static,False,0,37,False
45,0.14996527777777777,8638,"[0.3125, 0.80312, 0.0, 0.77222]","[0.2481, 1.056, -0.584, 0.948]",True,True,True,vof_surface_final_complex_static,False,0,42,False
46,0.15279513888888888,8801,"[0.3125, 0.80625, 0.0, 0.77222]","[0.2422, 1.0644, -0.5912, 0.9504]",True,True,True,vof_surface_final_complex_static,False,0,36,False
47,0.15425347222222222,8885,"[0.31875, 0.80937, 0.0, 0.77778]","[0.2364, 1.0721, -0.5977, 0.9526]",True,True,True,vof_surface_final_complex_static,False,0,42,False
48,0.15696180555555556,9041,"[0.32188, 0.8125, 0.0, 0.78333]","[0.2306, 1.0791, -0.6034, 0.9546]",True,True,True,vof_surface_final_complex_static,False,0,40,False
49,0.16081597222222221,9263,"[0.325, 0.82188, 0.0, 0.77778]","[0.2248, 1.0854, -0.6082, 0.9564]",True,True,True,vof_surface_final_complex_static,False,0,43,False
50,0.1632986111111111,9406,"[0.32812, 0.8375, 0.0, 0.78333]","[0.2191, 1.0911, -0.6121, 0.958]",True,True,True,vof_surface_final_complex_static,False,0,33,False
51,0.16434027777777777,9466,"[0.325, 0.85, 0.0, 0.78333]","[0.2133, 1.0961, -0.6152, 0.9595]",True,True,True,vof_surface_final_complex_static,False,0,40,False
52,0.16661458333333334,9597,"[0.32188, 0.85938, 0.0, 0.78889]","[0.2076, 1.1003, -0.6173, 0.9607]",True,True,True,vof_surface_final_complex_static,False,0,39,False
53,0.16701388888888888,9620,"[0.31875, 0.87187, 0.0, 0.78889]","[0.202, 1.1038, -0.6184, 0.9618]",True,True,True,vof_surface_final_complex_static,False,0,35,False
54,0.1720486111111111,9910,"[0.31562, 0.88125, 0.0, 0.79444]","[0.1964, 1.1066, -0.6184, 0.9626]",True,True,True,vof_surface_final_complex_static,False,0,36,False
55,0.17524305555555555,10094,"[0.3125, 0.89062, 0.0, 0.8]","[0.1909, 1.1087, -0.6175, 0.9632]",True,True,True,vof_surface_final_complex_static,False,0,38,False
56,0.1763888888888889,10160,"[0.30938, 0.9, 0.0, 0.8]","[0.1854, 1.1101, -0.6155, 0.9637]",True,True,True,vof_surface_final_complex_static,False,0,37,False
57,0.17713541666666666,10203,"[0.30312, 0.90938, 0.0, 0.80556]","[0.18, 1.1107, -0.6124, 0.9639]",True,True,True,vof_surface_final_complex_static,False,0,38,False
58,0.1770138888888889,10196,"[0.3, 0.91563, 0.0, 0.80556]","[0.1748, 1.1106, -0.6082, 0.9639]",True,True,True,vof_surface_final_complex_static,False,0,38,False
59,0.18005208333333333,10371,"[0.29688, 0.925, 0.0, 0.81111]","[0.1696, 1.1098, -0.6029, 0.9637]",True,True,True,vof_surface_final_complex_static,False,0,39,False
60,0.17944444444444443,10336,"[0.29375, 0.93125, 0.0, 0.81667]","[0.1646, 1.1084, -0.5965, 0.9632]",True,True,True,vof_surface_final_complex_static,False,0,39,False
61,0.18043402777777778,10393,"[0.29063, 0.9375, 0.0, 0.81667]","[0.1597, 1.1062, -0.589, 0.9626]",True,True,True,vof_surface_final_complex_static,False,0,41,False
62,0.18053819444444444,10399,"[0.2875, 0.94375, 0.0, 0.82222]","[0.1549, 1.1034, -0.5804, 0.9617]",True,True,True,vof_surface_final_complex_static,False,0,36,False
63,0.18178819444444444,10471,"[0.28437, 0.95, 0.0, 0.82222]","[0.1503, 1.0999, -0.5707, 0.9606]",True,True,True,vof_surface_final_complex_static,False,0,36,False
64,0.18131944444444445,10444,"[0.28125, 0.95312, 0.0, 0.82778]","[0.1459, 1.0958, -0.56, 0.9594]",True,True,True,vof_surface_final_complex_static,False,0,38,False
65,0.18079861111111112,10414,"[0.27813, 0.95625, 0.0, 0.83333]","[0.1416, 1.0912, -0.5482, 0.9579]",True,True,True,vof_surface_final_complex_static,False,0,40,False
66,0.18223958333333334,10497,"[0.27187, 0.9625, 0.0, 0.83333]","[0.1375, 1.0859, -0.5354, 0.9562]",True,True,True,vof_surface_final_complex_static,False,0,40,False
67,0.1809201388888889,10421,"[0.26875, 0.9625, 0.0, 0.83333]","[0.1337, 1.08, -0.5216, 0.9543]",True,True,True,vof_surface_final_complex_static,False,0,37,False
68,0.18039930555555556,10391,"[0.26562, 0.96562, 0.0, 0.83889]","[0.13, 1.0737, -0.507, 0.9522]",True,True,True,vof_surface_final_complex_static,False,0,35,False
69,0.18095486111111111,10423,"[0.2625, 0.96875, 0.0, 0.83889]","[0.1266, 1.0668, -0.4915, 0.9499]",True,True,True,vof_surface_final_complex_static,False,0,39,False
70,0.17965277777777777,10348,"[0.25938, 0.96875, 0.0, 0.83889]","[0.1235, 1.0595, -0.4751, 0.9474]",True,True,True,,False,0,41,False
71,0.17881944444444445,10300,"[0.25625, 0.96875, 0.0, 0.83889]","[0.1206, 1.0517, -0.458, 0.9448]",True,True,True,,False,0,40,False
72,0.17769097222222222,10235,"[0.25312, 0.96875, 0.00556, 0.83889]","[0.118, 1.0435, -0.4402, 0.942]",True,True,True,,False,0,36,False
73,0.17835069444444446,10273,"[0.25312, 0.96875, 0.0, 0.83889]","[0.1156, 1.035, -0.4218, 0.939]",True,True,True,vof_surface_final_complex_static,False,0,40,False
74,0.1772048611111111,10207,"[0.24688, 0.96562, 0.0, 0.84444]","[0.1136, 1.0261, -0.4028, 0.9359]",True,True,True,vof_surface_final_complex_static,False,0,41,False
75,0.1763888888888889,10160,"[0.24688, 0.96562, 0.0, 0.84444]","[0.1119, 1.0217, -0.3833, 0.9326]",True,True,True,vof_surface_final_complex_static,False,0,38,False
76,0.17578125,10125,"[0.24375, 0.9625, 0.0, 0.84444]","[0.1106, 1.0296, -0.3635, 0.9292]",True,True,True,vof_surface_final_complex_static,False,0,39,False
77,0.17213541666666668,9915,"[0.24063, 0.95937, 0.0, 0.84444]","[0.1095, 1.0363, -0.3433, 0.9257]",True,True,True,vof_surface_final_complex_static,False,0,39,False
78,0.17125,9864,"[0.24063, 0.95937, 0.0, 0.84444]","[0.1089, 1.0418, -0.3228, 0.9221]",True,True,True,vof_surface_final_complex_static,False,0,40,False
79,0.17130208333333333,9867,"[0.2375, 0.95625, 0.0, 0.83889]","[0.1086, 1.0462, -0.3021, 0.9183]",True,True,True,vof_surface_final_complex_static,False,0,40,False
80,0.17088541666666668,9843,"[0.2375, 0.95312, 0.0, 0.83889]","[0.1086, 1.0495, -0.2813, 0.9145]",True,True,True,vof_surface_final_complex_static,False,0,37,False
81,0.1673611111111111,9640,"[0.2375, 0.95, 0.0, 0.83889]","[0.1091, 1.0517, -0.2605, 0.9105]",True,True,True,vof_surface_final_complex_static,False,0,43,False
82,0.16550347222222223,9533,"[0.23438, 0.94375, 0.0, 0.83889]","[0.1099, 1.0529, -0.2396, 0.9065]",True,True,True,vof_surface_final_complex_static,False,0,38,False
83,0.16315972222222222,9398,"[0.23438, 0.94063, 0.01111, 0.83889]","[0.1112, 1.0531, -0.2189, 0.9024]",True,True,True,vof_surface_final_complex_static,False,0,39,False
84,0.16012152777777777,9223,"[0.23125, 0.93437, 0.01667, 0.83889]","[0.1128, 1.0524, -0.1982, 0.8983]",True,True,True,vof_surface_final_complex_static,False,0,43,False
85,0.15807291666666667,9105,"[0.23125, 0.93125, 0.02778, 0.83333]","[0.1149, 1.0508, -0.1777, 0.8941]",True,True,True,vof_surface_final_complex_static,False,0,41,False
86,0.1562673611111111,9001,"[0.23125, 0.925, 0.02778, 0.83333]","[0.1174, 1.0484, -0.1575, 0.8899]",True,True,True,vof_surface_final_complex_static,False,0,41,False
87,0.15364583333333334,8850,"[0.22812, 0.91875, 0.03889, 0.83333]","[0.1203, 1.0453, -0.1376, 0.8856]",True,True,True,vof_surface_final_complex_static,False,0,42,False
88,0.1534201388888889,8837,"[0.22812, 0.9125, 0.0, 0.82778]","[0.1236, 1.0415, -0.1179, 0.8813]",True,True,True,vof_surface_final_complex_static,False,0,42,False
89,0.15102430555555554,8699,"[0.23125, 0.90625, 0.0, 0.82778]","[0.1273, 1.037, -0.0987, 0.877]",True,True,True,vof_surface_final_complex_static,False,0,40,False
90,0.14743055555555556,8492,"[0.22812, 0.9, 0.0, 0.82222]","[0.1314, 1.032, -0.0798, 0.8726]",True,True,True,vof_surface_final_complex_static,False,0,39,False
91,0.14569444444444443,8392,"[0.23125, 0.89375, 0.0, 0.82222]","[0.136, 1.0264, -0.0613, 0.8683]",True,True,True,vof_surface_final_complex_static,False,0,45,False
92,0.14140625,8145,"[0.23125, 0.8875, 0.00556, 0.81667]","[0.1409, 1.0204, -0.0432, 0.8639]",True,True,True,vof_surface_final_complex_static,False,0,41,False
93,0.14039930555555555,8087,"[0.23125, 0.88125, 0.01111, 0.81667]","[0.1463, 1.014, -0.0256, 0.8596]",True,True,True,vof_surface_final_complex_static,False,0,39,False
94,0.13668402777777777,7873,"[0.23438, 0.875, 0.01667, 0.81111]","[0.152, 1.0072, -0.0235, 0.8568]",True,True,True,vof_surface_final_complex_static,False,0,41,False
95,0.13489583333333333,7770,"[0.23438, 0.86562, 0.02222, 0.81111]","[0.1581, 1.0001, -0.0275, 0.8545]",True,True,True,vof_surface_final_complex_static,False,0,40,False
