render_frame,round_surface_index,round_source_frame_id,round_time,rectangular_surface_index,rectangular_source_frame_id,rectangular_time,time_pair_exact
0,0,visual_0000,0.0,0,visual_0000,0.0,true
1,1,visual_0001,0.02,1,visual_0001,0.02,true
2,2,visual_0002,0.04,2,visual_0002,0.04,true
3,3,visual_0003,0.06,3,visual_0003,0.06,true
4,4,visual_0004,0.08,4,visual_0004,0.08,true
5,5,visual_0005,0.1,5,visual_0005,0.1,true
6,6,visual_0006,0.12,6,visual_0006,0.12,true
7,7,visual_0007,0.14,7,visual_0007,0.14,true
8,8,visual_0008,0.16,8,visual_0008,0.16,true
9,9,visual_0009,0.18,9,visual_0009,0.18,true
10,10,visual_0010,0.2,10,visual_0010,0.2,true
11,11,visual_0011,0.22,11,visual_0011,0.22,true
12,12,visual_0012,0.24,12,visual_0012,0.24,true
13,13,visual_0013,0.26,13,visual_0013,0.26,true
14,14,visual_0014,0.28,14,visual_0014,0.28,true
15,15,visual_0015,0.3,15,visual_0015,0.3,true
16,16,visual_0016,0.32,16,visual_0016,0.32,true
17,17,visual_0017,0.34,17,visual_0017,0.34,true
18,18,visual_0018,0.36,18,visual_0018,0.36,true
19,19,visual_0019,0.38,19,visual_0019,0.38,true
20,20,visual_0020,0.4,20,visual_0020,0.4,true
21,21,visual_0021,0.42,21,visual_0021,0.42,true
22,22,visual_0022,0.44,22,visual_0022,0.44,true
23,23,visual_0023,0.46,23,visual_0023,0.46,true
24,24,visual_0024,0.48,24,visual_0024,0.48,true
25,25,visual_0025,0.5,25,visual_0025,0.5,true
26,26,visual_0026,0.52,26,visual_0026,0.52,true
27,27,visual_0027,0.54,27,visual_0027,0.54,true
28,28,visual_0028,0.56,28,visual_0028,0.56,true
29,29,visual_0029,0.58,29,visual_0029,0.58,true
30,30,visual_0030,0.6,30,visual_0030,0.6,true
31,31,visual_0031,0.62,31,visual_0031,0.62,true
32,32,visual_0032,0.64,32,visual_0032,0.64,true
33,33,visual_0033,0.66,33,visual_0033,0.66,true
34,34,visual_0034,0.68,34,visual_0034,0.68,true
35,35,visual_0035,0.7,35,visual_0035,0.7,true
36,36,visual_0036,0.72,36,visual_0036,0.72,true
37,37,visual_0037,0.74,37,visual_0037,0.74,true
38,38,visual_0038,0.76,38,visual_0038,0.76,true
39,39,visual_0039,0.78,39,visual_0039,0.78,true
40,40,visual_0040,0.8,40,visual_0040,0.8,true
41,41,visual_0041,0.82,41,visual_0041,0.82,true
42,42,visual_0042,0.84,42,visual_0042,0.84,true
43,43,visual_0043,0.86,43,visual_0043,0.86,true
44,44,visual_0044,0.88,44,visual_0044,0.88,true
45,45,visual_0045,0.9,45,visual_0045,0.9,true
46,46,visual_0046,0.92,46,visual_0046,0.92,true
47,47,visual_0047,0.94,47,visual_0047,0.94,true
48,48,visual_0048,0.96,48,visual_0048,0.96,true
49,49,visual_0049,0.98,49,visual_0049,0.98,true
50,50,visual_0050,1.0,50,visual_0050,1.0,true
51,51,visual_0051,1.02,51,visual_0051,1.02,true
52,52,visual_0052,1.04,52,visual_0052,1.04,true
53,53,visual_0053,1.06,53,visual_0053,1.06,true
54,54,visual_0054,1.08,54,visual_0054,1.08,true
55,55,visual_0055,1.1,55,visual_0055,1.1,true
56,56,visual_0056,1.12,56,visual_0056,1.12,true
57,57,visual_0057,1.14,57,visual_0057,1.14,true
58,58,visual_0058,1.16,58,visual_0058,1.16,true
59,59,visual_0059,1.18,59,visual_0059,1.18,true
60,60,visual_0060,1.2,60,visual_0060,1.2,true
61,61,visual_0061,1.22,61,visual_0061,1.22,true
62,62,visual_0062,1.24,62,visual_0062,1.24,true
63,63,visual_0063,1.26,63,visual_0063,1.26,true
64,64,visual_0064,1.28,64,visual_0064,1.28,true
65,65,visual_0065,1.3,65,visual_0065,1.3,true
66,66,visual_0066,1.32,66,visual_0066,1.32,true
67,67,visual_0067,1.34,67,visual_0067,1.34,true
68,68,visual_0068,1.36,68,visual_0068,1.36,true
69,69,visual_0069,1.38,69,visual_0069,1.38,true
70,70,visual_0070,1.4,70,visual_0070,1.4,true
71,71,visual_0071,1.42,71,visual_0071,1.42,true
72,72,visual_0072,1.44,72,visual_0072,1.44,true
73,73,visual_0073,1.46,73,visual_0073,1.46,true
74,74,visual_0074,1.48,74,visual_0074,1.48,true
75,75,visual_0075,1.5,75,visual_0075,1.5,true
76,76,visual_0076,1.52,76,visual_0076,1.52,true
77,77,visual_0077,1.54,77,visual_0077,1.54,true
78,78,visual_0078,1.56,78,visual_0078,1.56,true
79,79,visual_0079,1.58,79,visual_0079,1.58,true
80,80,visual_0080,1.6,80,visual_0080,1.6,true
81,81,visual_0081,1.62,81,visual_0081,1.62,true
82,82,visual_0082,1.64,82,visual_0082,1.64,true
83,83,visual_0083,1.66,83,visual_0083,1.66,true
84,84,visual_0084,1.68,84,visual_0084,1.68,true
85,85,visual_0085,1.7,85,visual_0085,1.7,true
86,86,visual_0086,1.72,86,visual_0086,1.72,true
87,87,visual_0087,1.74,87,visual_0087,1.74,true
88,88,visual_0088,1.76,88,visual_0088,1.76,true
89,89,visual_0089,1.78,89,visual_0089,1.78,true
90,90,visual_0090,1.8,90,visual_0090,1.8,true
91,91,visual_0091,1.82,91,visual_0091,1.82,true
92,92,visual_0092,1.84,92,visual_0092,1.84,true
93,93,visual_0093,1.86,93,visual_0093,1.86,true
94,94,visual_0094,1.88,94,visual_0094,1.88,true
95,95,visual_0095,1.9,95,visual_0095,1.9,true
96,96,visual_0096,1.92,96,visual_0096,1.92,true
97,97,visual_0097,1.94,97,visual_0097,1.94,true
98,98,visual_0098,1.96,98,visual_0098,1.96,true
99,99,visual_0099,1.98,99,visual_0099,1.98,true
100,100,visual_0100,2.0,100,visual_0100,2.0,true
